"0","# init a tibble to go in the dataframes collection"
"0","dataframes$panel_ranked_grants_df <- list("
"0","  grants = tibble(),"
"0","  defered_grants = tibble(),"
"0","  headless_defered_grants = tibble()"
"0",")"
"0",""
"0","# init list of errored links"
"0","error_list_links = c()"
"0",""
"0","# init progress bar"
"0","bar_len <- dim(dataframes$panel_rank_links_df)[1]"
"0","pb <- init_bar(bar_len)"
"0",""
"0","# Open log"
"0","lf <- log_open(paste0(""../logs/gow/grant_list_run_"", format(Sys.time(), ""%Y%m%d_%H%M%S""), "".log""), logdir = FALSE)"
"0",""
"0","for (link in dataframes$panel_rank_links_df$href) {"
"0","  data_output <- get_ranked_list(link,"
"0","                                 dataframes = dataframes,"
"0","                                 log_on = TRUE,"
"0","                                 errors = error_list_links)"
"0","  "
"0","  dataframes <- data_output$dataframes"
"0","  "
"0","  error_list_links <- data_output$errors"
"0","}"
"2",""
"2","[------------------------------------------------------------------------] 2/1454 -  0% complete - 00:00:03 - eta = 48m 
"
"2",""
"2","[------------------------------------------------------------------------] 3/1454 -  0% complete - 00:00:07 - eta =  1h 
"
"2",""
"2","[------------------------------------------------------------------------] 4/1454 -  0% complete - 00:00:11 - eta =  1h 
"
"2",""
"2","[------------------------------------------------------------------------] 5/1454 -  0% complete - 00:00:15 - eta =  1h 
"
"2",""
"2","[------------------------------------------------------------------------] 6/1454 -  0% complete - 00:00:19 - eta =  1h 
"
"2",""
"2","[------------------------------------------------------------------------] 7/1454 -  0% complete - 00:00:23 - eta =  1h 
"
"2",""
"2","[------------------------------------------------------------------------] 8/1454 -  1% complete - 00:00:28 - eta =  1h 
"
"2",""
"2","[------------------------------------------------------------------------] 9/1454 -  1% complete - 00:00:32 - eta =  1h 
"
"2",""
"2","[-----------------------------------------------------------------------] 10/1454 -  1% complete - 00:00:36 - eta =  1h 
"
"2",""
"2","[>----------------------------------------------------------------------] 11/1454 -  1% complete - 00:00:40 - eta =  1h 
"
"2",""
"2","[>----------------------------------------------------------------------] 12/1454 -  1% complete - 00:00:44 - eta =  1h 
"
"2",""
"2","[>----------------------------------------------------------------------] 13/1454 -  1% complete - 00:00:48 - eta =  1h 
"
"2",""
"2","[>----------------------------------------------------------------------] 14/1454 -  1% complete - 00:00:52 - eta =  1h 
"
"2",""
"2","[>----------------------------------------------------------------------] 15/1454 -  1% complete - 00:00:56 - eta =  1h 
"
"2",""
"2","[>----------------------------------------------------------------------] 16/1454 -  1% complete - 00:01:00 - eta =  2h 
"
"2",""
"2","[>----------------------------------------------------------------------] 17/1454 -  1% complete - 00:01:04 - eta =  2h 
"
"2",""
"2","[>----------------------------------------------------------------------] 18/1454 -  1% complete - 00:01:08 - eta =  2h 
"
"2",""
"2","[>----------------------------------------------------------------------] 19/1454 -  1% complete - 00:01:12 - eta =  2h 
"
"2",""
"2","[>----------------------------------------------------------------------] 20/1454 -  1% complete - 00:01:16 - eta =  2h 
"
"2",""
"2","[>----------------------------------------------------------------------] 21/1454 -  1% complete - 00:01:20 - eta =  2h 
"
"2",""
"2","[>----------------------------------------------------------------------] 22/1454 -  2% complete - 00:01:24 - eta =  2h 
"
"2",""
"2","[>----------------------------------------------------------------------] 23/1454 -  2% complete - 00:01:28 - eta =  2h 
"
"2",""
"2","[>----------------------------------------------------------------------] 24/1454 -  2% complete - 00:01:32 - eta =  2h 
"
"2",""
"2","[>----------------------------------------------------------------------] 25/1454 -  2% complete - 00:01:36 - eta =  2h 
"
"2",""
"2","[>----------------------------------------------------------------------] 26/1454 -  2% complete - 00:01:40 - eta =  2h 
"
"2",""
"2","[>----------------------------------------------------------------------] 27/1454 -  2% complete - 00:01:44 - eta =  2h 
"
"2",""
"2","[>----------------------------------------------------------------------] 28/1454 -  2% complete - 00:01:48 - eta =  2h 
"
"2",""
"2","[>----------------------------------------------------------------------] 29/1454 -  2% complete - 00:01:53 - eta =  2h 
"
"2",""
"2","[>----------------------------------------------------------------------] 30/1454 -  2% complete - 00:01:57 - eta =  2h 
"
"2",""
"2","[=>---------------------------------------------------------------------] 31/1454 -  2% complete - 00:02:01 - eta =  2h 
"
"2",""
"2","[=>---------------------------------------------------------------------] 32/1454 -  2% complete - 00:02:05 - eta =  2h 
"
"2",""
"2","[=>---------------------------------------------------------------------] 33/1454 -  2% complete - 00:02:09 - eta =  2h 
"
"2",""
"2","[=>---------------------------------------------------------------------] 34/1454 -  2% complete - 00:02:13 - eta =  2h 
"
"2",""
"2","[=>---------------------------------------------------------------------] 35/1454 -  2% complete - 00:02:17 - eta =  2h 
"
"2",""
"2","[=>---------------------------------------------------------------------] 36/1454 -  2% complete - 00:02:21 - eta =  2h 
"
"2",""
"2","[=>---------------------------------------------------------------------] 37/1454 -  3% complete - 00:02:25 - eta =  2h 
"
"2",""
"2","[=>---------------------------------------------------------------------] 38/1454 -  3% complete - 00:02:29 - eta =  2h 
"
"2",""
"2","[=>---------------------------------------------------------------------] 39/1454 -  3% complete - 00:02:33 - eta =  2h 
"
"2",""
"2","[=>---------------------------------------------------------------------] 40/1454 -  3% complete - 00:02:37 - eta =  2h 
"
"2",""
"2","[=>---------------------------------------------------------------------] 41/1454 -  3% complete - 00:02:41 - eta =  2h 
"
"2",""
"2","[=>---------------------------------------------------------------------] 42/1454 -  3% complete - 00:02:45 - eta =  2h 
"
"2",""
"2","[=>---------------------------------------------------------------------] 43/1454 -  3% complete - 00:02:49 - eta =  2h 
"
"2",""
"2","[=>---------------------------------------------------------------------] 44/1454 -  3% complete - 00:02:53 - eta =  2h 
"
"2",""
"2","[=>---------------------------------------------------------------------] 45/1454 -  3% complete - 00:02:57 - eta =  2h 
"
"2",""
"2","[=>---------------------------------------------------------------------] 46/1454 -  3% complete - 00:03:01 - eta =  2h 
"
"2",""
"2","[=>---------------------------------------------------------------------] 47/1454 -  3% complete - 00:03:05 - eta =  2h 
"
"2",""
"2","[=>---------------------------------------------------------------------] 48/1454 -  3% complete - 00:03:09 - eta =  2h 
"
"2",""
"2","[=>---------------------------------------------------------------------] 49/1454 -  3% complete - 00:03:13 - eta =  2h 
"
"2",""
"2","[=>---------------------------------------------------------------------] 50/1454 -  3% complete - 00:03:17 - eta =  2h 
"
"2",""
"2","[=>---------------------------------------------------------------------] 51/1454 -  4% complete - 00:03:21 - eta =  2h 
"
"2",""
"2","[==>--------------------------------------------------------------------] 52/1454 -  4% complete - 00:03:25 - eta =  2h 
"
"2",""
"2","[==>--------------------------------------------------------------------] 53/1454 -  4% complete - 00:03:29 - eta =  2h 
"
"2",""
"2","[==>--------------------------------------------------------------------] 54/1454 -  4% complete - 00:03:33 - eta =  2h 
"
"2",""
"2","[==>--------------------------------------------------------------------] 55/1454 -  4% complete - 00:03:38 - eta =  2h 
"
"2",""
"2","[==>--------------------------------------------------------------------] 56/1454 -  4% complete - 00:03:42 - eta =  2h 
"
"2",""
"2","[==>--------------------------------------------------------------------] 57/1454 -  4% complete - 00:03:46 - eta =  2h 
"
"2",""
"2","[==>--------------------------------------------------------------------] 58/1454 -  4% complete - 00:03:50 - eta =  2h 
"
"2",""
"2","[==>--------------------------------------------------------------------] 59/1454 -  4% complete - 00:03:54 - eta =  2h 
"
"2",""
"2","[==>--------------------------------------------------------------------] 60/1454 -  4% complete - 00:03:58 - eta =  2h 
"
"2",""
"2","[==>--------------------------------------------------------------------] 61/1454 -  4% complete - 00:04:02 - eta =  2h 
"
"2",""
"2","[==>--------------------------------------------------------------------] 62/1454 -  4% complete - 00:04:06 - eta =  2h 
"
"2",""
"2","[==>--------------------------------------------------------------------] 63/1454 -  4% complete - 00:04:10 - eta =  2h 
"
"2",""
"2","[==>--------------------------------------------------------------------] 64/1454 -  4% complete - 00:04:14 - eta =  2h 
"
"2",""
"2","[==>--------------------------------------------------------------------] 65/1454 -  4% complete - 00:04:18 - eta =  2h 
"
"2",""
"2","[==>--------------------------------------------------------------------] 66/1454 -  5% complete - 00:04:22 - eta =  2h 
"
"2",""
"2","[==>--------------------------------------------------------------------] 67/1454 -  5% complete - 00:04:26 - eta =  2h 
"
"2",""
"2","[==>--------------------------------------------------------------------] 68/1454 -  5% complete - 00:04:30 - eta =  2h 
"
"2",""
"2","[==>--------------------------------------------------------------------] 69/1454 -  5% complete - 00:04:34 - eta =  2h 
"
"2",""
"2","[==>--------------------------------------------------------------------] 70/1454 -  5% complete - 00:04:38 - eta =  2h 
"
"2",""
"2","[==>--------------------------------------------------------------------] 71/1454 -  5% complete - 00:04:42 - eta =  2h 
"
"2",""
"2","[===>-------------------------------------------------------------------] 72/1454 -  5% complete - 00:04:46 - eta =  2h 
"
"2",""
"2","[===>-------------------------------------------------------------------] 73/1454 -  5% complete - 00:04:50 - eta =  2h 
"
"2",""
"2","[===>-------------------------------------------------------------------] 74/1454 -  5% complete - 00:04:54 - eta =  2h 
"
"2",""
"2","[===>-------------------------------------------------------------------] 75/1454 -  5% complete - 00:04:58 - eta =  2h 
"
"2",""
"2","[===>-------------------------------------------------------------------] 76/1454 -  5% complete - 00:05:02 - eta =  2h 
"
"2",""
"2","[===>-------------------------------------------------------------------] 77/1454 -  5% complete - 00:05:06 - eta =  2h 
"
"2",""
"2","[===>-------------------------------------------------------------------] 78/1454 -  5% complete - 00:05:10 - eta =  2h 
"
"2",""
"2","[===>-------------------------------------------------------------------] 79/1454 -  5% complete - 00:05:14 - eta =  2h 
"
"2",""
"2","[===>-------------------------------------------------------------------] 80/1454 -  6% complete - 00:05:18 - eta =  2h 
"
"2",""
"2","[===>-------------------------------------------------------------------] 81/1454 -  6% complete - 00:05:22 - eta =  2h 
"
"2",""
"2","[===>-------------------------------------------------------------------] 82/1454 -  6% complete - 00:05:26 - eta =  2h 
"
"2",""
"2","[===>-------------------------------------------------------------------] 83/1454 -  6% complete - 00:05:30 - eta =  2h 
"
"2",""
"2","[===>-------------------------------------------------------------------] 84/1454 -  6% complete - 00:05:34 - eta =  2h 
"
"2",""
"2","[===>-------------------------------------------------------------------] 85/1454 -  6% complete - 00:05:38 - eta =  2h 
"
"2",""
"2","[===>-------------------------------------------------------------------] 86/1454 -  6% complete - 00:05:42 - eta =  2h 
"
"2",""
"2","[===>-------------------------------------------------------------------] 87/1454 -  6% complete - 00:05:46 - eta =  2h 
"
"2",""
"2","[===>-------------------------------------------------------------------] 88/1454 -  6% complete - 00:05:50 - eta =  2h 
"
"2",""
"2","[===>-------------------------------------------------------------------] 89/1454 -  6% complete - 00:05:54 - eta =  2h 
"
"2",""
"2","[===>-------------------------------------------------------------------] 90/1454 -  6% complete - 00:05:58 - eta =  2h 
"
"2",""
"2","[===>-------------------------------------------------------------------] 91/1454 -  6% complete - 00:06:02 - eta =  2h 
"
"2",""
"2","[===>-------------------------------------------------------------------] 92/1454 -  6% complete - 00:06:06 - eta =  2h 
"
"2",""
"2","[====>------------------------------------------------------------------] 93/1454 -  6% complete - 00:06:10 - eta =  2h 
"
"2",""
"2","[====>------------------------------------------------------------------] 94/1454 -  6% complete - 00:06:14 - eta =  2h 
"
"2",""
"2","[====>------------------------------------------------------------------] 95/1454 -  7% complete - 00:06:18 - eta =  2h 
"
"2",""
"2","[====>------------------------------------------------------------------] 96/1454 -  7% complete - 00:06:22 - eta =  2h 
"
"2",""
"2","[====>------------------------------------------------------------------] 97/1454 -  7% complete - 00:06:26 - eta =  2h 
"
"2",""
"2","[====>------------------------------------------------------------------] 98/1454 -  7% complete - 00:06:30 - eta =  2h 
"
"2",""
"2","[====>------------------------------------------------------------------] 99/1454 -  7% complete - 00:06:34 - eta =  1h 
"
"2",""
"2","[====>-----------------------------------------------------------------] 100/1454 -  7% complete - 00:06:38 - eta =  1h 
"
"2",""
"2","[====>-----------------------------------------------------------------] 101/1454 -  7% complete - 00:06:42 - eta =  1h 
"
"2",""
"2","[====>-----------------------------------------------------------------] 102/1454 -  7% complete - 00:06:46 - eta =  1h 
"
"2",""
"2","[====>-----------------------------------------------------------------] 103/1454 -  7% complete - 00:06:50 - eta =  1h 
"
"2",""
"2","[====>-----------------------------------------------------------------] 104/1454 -  7% complete - 00:06:54 - eta =  1h 
"
"2",""
"2","[====>-----------------------------------------------------------------] 105/1454 -  7% complete - 00:06:58 - eta =  1h 
"
"2",""
"2","[====>-----------------------------------------------------------------] 106/1454 -  7% complete - 00:07:02 - eta =  1h 
"
"2",""
"2","[====>-----------------------------------------------------------------] 107/1454 -  7% complete - 00:07:06 - eta =  1h 
"
"2",""
"2","[====>-----------------------------------------------------------------] 108/1454 -  7% complete - 00:07:10 - eta =  1h 
"
"2",""
"2","[====>-----------------------------------------------------------------] 109/1454 -  7% complete - 00:07:14 - eta =  1h 
"
"2",""
"2","[====>-----------------------------------------------------------------] 110/1454 -  8% complete - 00:07:18 - eta =  1h 
"
"2",""
"2","[====>-----------------------------------------------------------------] 111/1454 -  8% complete - 00:07:23 - eta =  1h 
"
"2",""
"2","[====>-----------------------------------------------------------------] 112/1454 -  8% complete - 00:07:27 - eta =  1h 
"
"2",""
"2","[====>-----------------------------------------------------------------] 113/1454 -  8% complete - 00:07:31 - eta =  1h 
"
"2",""
"2","[====>-----------------------------------------------------------------] 114/1454 -  8% complete - 00:07:35 - eta =  1h 
"
"2",""
"2","[=====>----------------------------------------------------------------] 115/1454 -  8% complete - 00:07:39 - eta =  1h 
"
"2",""
"2","[=====>----------------------------------------------------------------] 116/1454 -  8% complete - 00:07:43 - eta =  1h 
"
"2",""
"2","[=====>----------------------------------------------------------------] 117/1454 -  8% complete - 00:07:47 - eta =  1h 
"
"2",""
"2","[=====>----------------------------------------------------------------] 118/1454 -  8% complete - 00:07:51 - eta =  1h 
"
"2",""
"2","[=====>----------------------------------------------------------------] 119/1454 -  8% complete - 00:07:55 - eta =  1h 
"
"2",""
"2","[=====>----------------------------------------------------------------] 120/1454 -  8% complete - 00:07:59 - eta =  1h 
"
"2",""
"2","[=====>----------------------------------------------------------------] 121/1454 -  8% complete - 00:08:03 - eta =  1h 
"
"2",""
"2","[=====>----------------------------------------------------------------] 122/1454 -  8% complete - 00:08:07 - eta =  1h 
"
"2",""
"2","[=====>----------------------------------------------------------------] 123/1454 -  8% complete - 00:08:11 - eta =  1h 
"
"2",""
"2","[=====>----------------------------------------------------------------] 124/1454 -  9% complete - 00:08:15 - eta =  1h 
"
"2",""
"2","[=====>----------------------------------------------------------------] 125/1454 -  9% complete - 00:08:19 - eta =  1h 
"
"2",""
"2","[=====>----------------------------------------------------------------] 126/1454 -  9% complete - 00:08:23 - eta =  1h 
"
"2",""
"2","[=====>----------------------------------------------------------------] 127/1454 -  9% complete - 00:08:27 - eta =  1h 
"
"2",""
"2","[=====>----------------------------------------------------------------] 128/1454 -  9% complete - 00:08:31 - eta =  1h 
"
"2",""
"2","[=====>----------------------------------------------------------------] 129/1454 -  9% complete - 00:08:35 - eta =  1h 
"
"2",""
"2","[=====>----------------------------------------------------------------] 130/1454 -  9% complete - 00:08:39 - eta =  1h 
"
"2",""
"2","[=====>----------------------------------------------------------------] 131/1454 -  9% complete - 00:08:43 - eta =  1h 
"
"2",""
"2","[=====>----------------------------------------------------------------] 132/1454 -  9% complete - 00:08:47 - eta =  1h 
"
"2",""
"2","[=====>----------------------------------------------------------------] 133/1454 -  9% complete - 00:08:51 - eta =  1h 
"
"2",""
"2","[=====>----------------------------------------------------------------] 134/1454 -  9% complete - 00:08:55 - eta =  1h 
"
"2",""
"2","[=====>----------------------------------------------------------------] 135/1454 -  9% complete - 00:08:59 - eta =  1h 
"
"2",""
"2","[======>---------------------------------------------------------------] 136/1454 -  9% complete - 00:09:03 - eta =  1h 
"
"2",""
"2","[======>---------------------------------------------------------------] 137/1454 -  9% complete - 00:09:07 - eta =  1h 
"
"2",""
"2","[======>---------------------------------------------------------------] 138/1454 -  9% complete - 00:09:12 - eta =  1h 
"
"2",""
"2","[======>---------------------------------------------------------------] 139/1454 - 10% complete - 00:09:16 - eta =  1h 
"
"2",""
"2","[======>---------------------------------------------------------------] 140/1454 - 10% complete - 00:09:20 - eta =  1h 
"
"2",""
"2","[======>---------------------------------------------------------------] 141/1454 - 10% complete - 00:09:24 - eta =  1h 
"
"2",""
"2","[======>---------------------------------------------------------------] 142/1454 - 10% complete - 00:09:28 - eta =  1h 
"
"2",""
"2","[======>---------------------------------------------------------------] 143/1454 - 10% complete - 00:09:32 - eta =  1h 
"
"2",""
"2","[======>---------------------------------------------------------------] 144/1454 - 10% complete - 00:09:36 - eta =  1h 
"
"2",""
"2","[======>---------------------------------------------------------------] 145/1454 - 10% complete - 00:09:40 - eta =  1h 
"
"2",""
"2","[======>---------------------------------------------------------------] 146/1454 - 10% complete - 00:09:44 - eta =  1h 
"
"2",""
"2","[======>---------------------------------------------------------------] 147/1454 - 10% complete - 00:09:48 - eta =  1h 
"
"2",""
"2","[======>---------------------------------------------------------------] 148/1454 - 10% complete - 00:09:51 - eta =  1h 
"
"2",""
"2","[======>---------------------------------------------------------------] 149/1454 - 10% complete - 00:09:56 - eta =  1h 
"
"2",""
"2","[======>---------------------------------------------------------------] 150/1454 - 10% complete - 00:10:00 - eta =  1h 
"
"2",""
"2","[======>---------------------------------------------------------------] 151/1454 - 10% complete - 00:10:04 - eta =  1h 
"
"2",""
"2","[======>---------------------------------------------------------------] 152/1454 - 10% complete - 00:10:07 - eta =  1h 
"
"2",""
"2","[======>---------------------------------------------------------------] 153/1454 - 11% complete - 00:10:11 - eta =  1h 
"
"2",""
"2","[======>---------------------------------------------------------------] 154/1454 - 11% complete - 00:10:15 - eta =  1h 
"
"2",""
"2","[======>---------------------------------------------------------------] 155/1454 - 11% complete - 00:10:19 - eta =  1h 
"
"2",""
"2","[=======>--------------------------------------------------------------] 156/1454 - 11% complete - 00:10:24 - eta =  1h 
"
"2",""
"2","[=======>--------------------------------------------------------------] 157/1454 - 11% complete - 00:10:27 - eta =  1h 
"
"2",""
"2","[=======>--------------------------------------------------------------] 158/1454 - 11% complete - 00:10:31 - eta =  1h 
"
"2",""
"2","[=======>--------------------------------------------------------------] 159/1454 - 11% complete - 00:10:35 - eta =  1h 
"
"2",""
"2","[=======>--------------------------------------------------------------] 160/1454 - 11% complete - 00:10:39 - eta =  1h 
"
"2",""
"2","[=======>--------------------------------------------------------------] 161/1454 - 11% complete - 00:10:44 - eta =  1h 
"
"2",""
"2","[=======>--------------------------------------------------------------] 162/1454 - 11% complete - 00:10:48 - eta =  1h 
"
"2",""
"2","[=======>--------------------------------------------------------------] 163/1454 - 11% complete - 00:10:51 - eta =  1h 
"
"2",""
"2","[=======>--------------------------------------------------------------] 164/1454 - 11% complete - 00:10:56 - eta =  1h 
"
"2",""
"2","[=======>--------------------------------------------------------------] 165/1454 - 11% complete - 00:11:00 - eta =  1h 
"
"2",""
"2","[=======>--------------------------------------------------------------] 166/1454 - 11% complete - 00:11:04 - eta =  1h 
"
"2",""
"2","[=======>--------------------------------------------------------------] 167/1454 - 11% complete - 00:11:08 - eta =  1h 
"
"2",""
"2","[=======>--------------------------------------------------------------] 168/1454 - 12% complete - 00:11:12 - eta =  1h 
"
"2",""
"2","[=======>--------------------------------------------------------------] 169/1454 - 12% complete - 00:11:15 - eta =  1h 
"
"2",""
"2","[=======>--------------------------------------------------------------] 170/1454 - 12% complete - 00:11:19 - eta =  1h 
"
"2",""
"2","[=======>--------------------------------------------------------------] 171/1454 - 12% complete - 00:11:23 - eta =  1h 
"
"2",""
"2","[=======>--------------------------------------------------------------] 172/1454 - 12% complete - 00:11:27 - eta =  1h 
"
"2",""
"2","[=======>--------------------------------------------------------------] 173/1454 - 12% complete - 00:11:31 - eta =  1h 
"
"2",""
"2","[=======>--------------------------------------------------------------] 174/1454 - 12% complete - 00:11:35 - eta =  1h 
"
"2",""
"2","[=======>--------------------------------------------------------------] 175/1454 - 12% complete - 00:11:39 - eta =  1h 
"
"2",""
"2","[=======>--------------------------------------------------------------] 176/1454 - 12% complete - 00:11:44 - eta =  1h 
"
"2",""
"2","[========>-------------------------------------------------------------] 177/1454 - 12% complete - 00:11:48 - eta =  1h 
"
"2",""
"2","[========>-------------------------------------------------------------] 178/1454 - 12% complete - 00:11:52 - eta =  1h 
"
"2",""
"2","[========>-------------------------------------------------------------] 179/1454 - 12% complete - 00:11:56 - eta =  1h 
"
"2",""
"2","[========>-------------------------------------------------------------] 180/1454 - 12% complete - 00:12:00 - eta =  1h 
"
"2",""
"2","[========>-------------------------------------------------------------] 181/1454 - 12% complete - 00:12:04 - eta =  1h 
"
"2",""
"2","[========>-------------------------------------------------------------] 182/1454 - 13% complete - 00:12:08 - eta =  1h 
"
"2",""
"2","[========>-------------------------------------------------------------] 183/1454 - 13% complete - 00:12:12 - eta =  1h 
"
"2",""
"2","[========>-------------------------------------------------------------] 184/1454 - 13% complete - 00:12:16 - eta =  1h 
"
"2",""
"2","[========>-------------------------------------------------------------] 185/1454 - 13% complete - 00:12:20 - eta =  1h 
"
"2",""
"2","[========>-------------------------------------------------------------] 186/1454 - 13% complete - 00:12:24 - eta =  1h 
"
"2",""
"2","[========>-------------------------------------------------------------] 187/1454 - 13% complete - 00:12:28 - eta =  1h 
"
"2",""
"2","[========>-------------------------------------------------------------] 188/1454 - 13% complete - 00:12:32 - eta =  1h 
"
"2",""
"2","[========>-------------------------------------------------------------] 189/1454 - 13% complete - 00:12:36 - eta =  1h 
"
"2",""
"2","[========>-------------------------------------------------------------] 190/1454 - 13% complete - 00:12:40 - eta =  1h 
"
"2",""
"2","[========>-------------------------------------------------------------] 191/1454 - 13% complete - 00:12:44 - eta =  1h 
"
"2",""
"2","[========>-------------------------------------------------------------] 192/1454 - 13% complete - 00:12:48 - eta =  1h 
"
"2",""
"2","[========>-------------------------------------------------------------] 193/1454 - 13% complete - 00:12:52 - eta =  1h 
"
"2",""
"2","[========>-------------------------------------------------------------] 194/1454 - 13% complete - 00:12:56 - eta =  1h 
"
"2",""
"2","[========>-------------------------------------------------------------] 195/1454 - 13% complete - 00:13:00 - eta =  1h 
"
"2",""
"2","[========>-------------------------------------------------------------] 196/1454 - 13% complete - 00:13:04 - eta =  1h 
"
"2",""
"2","[========>-------------------------------------------------------------] 197/1454 - 14% complete - 00:13:08 - eta =  1h 
"
"2",""
"2","[=========>------------------------------------------------------------] 198/1454 - 14% complete - 00:13:12 - eta =  1h 
"
"2",""
"2","[=========>------------------------------------------------------------] 199/1454 - 14% complete - 00:13:16 - eta =  1h 
"
"2",""
"2","[=========>------------------------------------------------------------] 200/1454 - 14% complete - 00:13:21 - eta =  1h 
"
"2",""
"2","[=========>------------------------------------------------------------] 201/1454 - 14% complete - 00:13:25 - eta =  1h 
"
"2",""
"2","[=========>------------------------------------------------------------] 202/1454 - 14% complete - 00:13:29 - eta =  1h 
"
"2",""
"2","[=========>------------------------------------------------------------] 203/1454 - 14% complete - 00:13:33 - eta =  1h 
"
"2",""
"2","[=========>------------------------------------------------------------] 204/1454 - 14% complete - 00:13:37 - eta =  1h 
"
"2",""
"2","[=========>------------------------------------------------------------] 205/1454 - 14% complete - 00:13:41 - eta =  1h 
"
"2",""
"2","[=========>------------------------------------------------------------] 206/1454 - 14% complete - 00:13:45 - eta =  1h 
"
"2",""
"2","[=========>------------------------------------------------------------] 207/1454 - 14% complete - 00:13:49 - eta =  1h 
"
"2",""
"2","[=========>------------------------------------------------------------] 208/1454 - 14% complete - 00:13:53 - eta =  1h 
"
"2",""
"2","[=========>------------------------------------------------------------] 209/1454 - 14% complete - 00:13:57 - eta =  1h 
"
"2",""
"2","[=========>------------------------------------------------------------] 210/1454 - 14% complete - 00:14:01 - eta =  1h 
"
"2",""
"2","[=========>------------------------------------------------------------] 211/1454 - 15% complete - 00:14:05 - eta =  1h 
"
"2",""
"2","[=========>------------------------------------------------------------] 212/1454 - 15% complete - 00:14:09 - eta =  1h 
"
"2",""
"2","[=========>------------------------------------------------------------] 213/1454 - 15% complete - 00:14:13 - eta =  1h 
"
"2",""
"2","[=========>------------------------------------------------------------] 214/1454 - 15% complete - 00:14:17 - eta =  1h 
"
"2",""
"2","[=========>------------------------------------------------------------] 215/1454 - 15% complete - 00:14:21 - eta =  1h 
"
"2",""
"2","[=========>------------------------------------------------------------] 216/1454 - 15% complete - 00:14:25 - eta =  1h 
"
"2",""
"2","[=========>------------------------------------------------------------] 217/1454 - 15% complete - 00:14:29 - eta =  1h 
"
"2",""
"2","[=========>------------------------------------------------------------] 218/1454 - 15% complete - 00:14:33 - eta =  1h 
"
"2",""
"2","[==========>-----------------------------------------------------------] 219/1454 - 15% complete - 00:14:37 - eta =  1h 
"
"2",""
"2","[==========>-----------------------------------------------------------] 220/1454 - 15% complete - 00:14:41 - eta =  1h 
"
"2",""
"2","[==========>-----------------------------------------------------------] 221/1454 - 15% complete - 00:14:45 - eta =  1h 
"
"2",""
"2","[==========>-----------------------------------------------------------] 222/1454 - 15% complete - 00:14:49 - eta =  1h 
"
"2",""
"2","[==========>-----------------------------------------------------------] 223/1454 - 15% complete - 00:14:53 - eta =  1h 
"
"2",""
"2","[==========>-----------------------------------------------------------] 224/1454 - 15% complete - 00:14:57 - eta =  1h 
"
"2",""
"2","[==========>-----------------------------------------------------------] 225/1454 - 15% complete - 00:15:01 - eta =  1h 
"
"2",""
"2","[==========>-----------------------------------------------------------] 226/1454 - 16% complete - 00:15:05 - eta =  1h 
"
"2",""
"2","[==========>-----------------------------------------------------------] 227/1454 - 16% complete - 00:15:09 - eta =  1h 
"
"2",""
"2","[==========>-----------------------------------------------------------] 228/1454 - 16% complete - 00:15:13 - eta =  1h 
"
"2",""
"2","[==========>-----------------------------------------------------------] 229/1454 - 16% complete - 00:15:17 - eta =  1h 
"
"2",""
"2","[==========>-----------------------------------------------------------] 230/1454 - 16% complete - 00:15:21 - eta =  1h 
"
"2",""
"2","[==========>-----------------------------------------------------------] 231/1454 - 16% complete - 00:15:25 - eta =  1h 
"
"2",""
"2","[==========>-----------------------------------------------------------] 232/1454 - 16% complete - 00:15:29 - eta =  1h 
"
"2",""
"2","[==========>-----------------------------------------------------------] 233/1454 - 16% complete - 00:15:33 - eta =  1h 
"
"2",""
"2","[==========>-----------------------------------------------------------] 234/1454 - 16% complete - 00:15:37 - eta =  1h 
"
"2",""
"2","[==========>-----------------------------------------------------------] 235/1454 - 16% complete - 00:15:41 - eta =  1h 
"
"2",""
"2","[==========>-----------------------------------------------------------] 236/1454 - 16% complete - 00:15:45 - eta =  1h 
"
"2",""
"2","[==========>-----------------------------------------------------------] 237/1454 - 16% complete - 00:15:49 - eta =  1h 
"
"2",""
"2","[==========>-----------------------------------------------------------] 238/1454 - 16% complete - 00:15:53 - eta =  1h 
"
"2",""
"2","[===========>----------------------------------------------------------] 239/1454 - 16% complete - 00:15:58 - eta =  1h 
"
"2",""
"2","[===========>----------------------------------------------------------] 240/1454 - 17% complete - 00:16:02 - eta =  1h 
"
"2",""
"2","[===========>----------------------------------------------------------] 241/1454 - 17% complete - 00:16:06 - eta =  1h 
"
"2",""
"2","[===========>----------------------------------------------------------] 242/1454 - 17% complete - 00:16:10 - eta =  1h 
"
"2",""
"2","[===========>----------------------------------------------------------] 243/1454 - 17% complete - 00:16:14 - eta =  1h 
"
"2",""
"2","[===========>----------------------------------------------------------] 244/1454 - 17% complete - 00:16:18 - eta =  1h 
"
"2",""
"2","[===========>----------------------------------------------------------] 245/1454 - 17% complete - 00:16:22 - eta =  1h 
"
"2",""
"2","[===========>----------------------------------------------------------] 246/1454 - 17% complete - 00:16:26 - eta =  1h 
"
"2",""
"2","[===========>----------------------------------------------------------] 247/1454 - 17% complete - 00:16:30 - eta =  1h 
"
"2",""
"2","[===========>----------------------------------------------------------] 248/1454 - 17% complete - 00:16:34 - eta =  1h 
"
"2",""
"2","[===========>----------------------------------------------------------] 249/1454 - 17% complete - 00:16:38 - eta =  1h 
"
"2",""
"2","[===========>----------------------------------------------------------] 250/1454 - 17% complete - 00:16:42 - eta =  1h 
"
"2",""
"2","[===========>----------------------------------------------------------] 251/1454 - 17% complete - 00:16:46 - eta =  1h 
"
"2",""
"2","[===========>----------------------------------------------------------] 252/1454 - 17% complete - 00:16:51 - eta =  1h 
"
"2",""
"2","[===========>----------------------------------------------------------] 253/1454 - 17% complete - 00:16:55 - eta =  1h 
"
"2",""
"2","[===========>----------------------------------------------------------] 254/1454 - 17% complete - 00:16:58 - eta =  1h 
"
"2",""
"2","[===========>----------------------------------------------------------] 255/1454 - 18% complete - 00:17:03 - eta =  1h 
"
"2",""
"2","[===========>----------------------------------------------------------] 256/1454 - 18% complete - 00:17:07 - eta =  1h 
"
"2",""
"2","[===========>----------------------------------------------------------] 257/1454 - 18% complete - 00:17:11 - eta =  1h 
"
"2",""
"2","[===========>----------------------------------------------------------] 258/1454 - 18% complete - 00:17:15 - eta =  1h 
"
"2",""
"2","[===========>----------------------------------------------------------] 259/1454 - 18% complete - 00:17:19 - eta =  1h 
"
"2",""
"2","[============>---------------------------------------------------------] 260/1454 - 18% complete - 00:17:23 - eta =  1h 
"
"2",""
"2","[============>---------------------------------------------------------] 261/1454 - 18% complete - 00:17:27 - eta =  1h 
"
"2",""
"2","[============>---------------------------------------------------------] 262/1454 - 18% complete - 00:17:31 - eta =  1h 
"
"2",""
"2","[============>---------------------------------------------------------] 263/1454 - 18% complete - 00:17:35 - eta =  1h 
"
"2",""
"2","[============>---------------------------------------------------------] 264/1454 - 18% complete - 00:17:39 - eta =  1h 
"
"2",""
"2","[============>---------------------------------------------------------] 265/1454 - 18% complete - 00:17:43 - eta =  1h 
"
"2",""
"2","[============>---------------------------------------------------------] 266/1454 - 18% complete - 00:17:47 - eta =  1h 
"
"2",""
"2","[============>---------------------------------------------------------] 267/1454 - 18% complete - 00:17:51 - eta =  1h 
"
"2",""
"2","[============>---------------------------------------------------------] 268/1454 - 18% complete - 00:17:55 - eta =  1h 
"
"2",""
"2","[============>---------------------------------------------------------] 269/1454 - 19% complete - 00:17:59 - eta =  1h 
"
"2",""
"2","[============>---------------------------------------------------------] 270/1454 - 19% complete - 00:18:03 - eta =  1h 
"
"2",""
"2","[============>---------------------------------------------------------] 271/1454 - 19% complete - 00:18:07 - eta =  1h 
"
"2",""
"2","[============>---------------------------------------------------------] 272/1454 - 19% complete - 00:18:11 - eta =  1h 
"
"2",""
"2","[============>---------------------------------------------------------] 273/1454 - 19% complete - 00:18:15 - eta =  1h 
"
"2",""
"2","[============>---------------------------------------------------------] 274/1454 - 19% complete - 00:18:19 - eta =  1h 
"
"2",""
"2","[============>---------------------------------------------------------] 275/1454 - 19% complete - 00:18:23 - eta =  1h 
"
"2",""
"2","[============>---------------------------------------------------------] 276/1454 - 19% complete - 00:18:27 - eta =  1h 
"
"2",""
"2","[============>---------------------------------------------------------] 277/1454 - 19% complete - 00:18:31 - eta =  1h 
"
"2",""
"2","[============>---------------------------------------------------------] 278/1454 - 19% complete - 00:18:35 - eta =  1h 
"
"2",""
"2","[============>---------------------------------------------------------] 279/1454 - 19% complete - 00:18:39 - eta =  1h 
"
"2",""
"2","[============>---------------------------------------------------------] 280/1454 - 19% complete - 00:18:43 - eta =  1h 
"
"2",""
"2","[=============>--------------------------------------------------------] 281/1454 - 19% complete - 00:18:47 - eta =  1h 
"
"2",""
"2","[=============>--------------------------------------------------------] 282/1454 - 19% complete - 00:18:51 - eta =  1h 
"
"2",""
"2","[=============>--------------------------------------------------------] 283/1454 - 19% complete - 00:18:55 - eta =  1h 
"
"2",""
"2","[=============>--------------------------------------------------------] 284/1454 - 20% complete - 00:18:59 - eta =  1h 
"
"2",""
"2","[=============>--------------------------------------------------------] 285/1454 - 20% complete - 00:19:04 - eta =  1h 
"
"2",""
"2","[=============>--------------------------------------------------------] 286/1454 - 20% complete - 00:19:08 - eta =  1h 
"
"2",""
"2","[=============>--------------------------------------------------------] 287/1454 - 20% complete - 00:19:12 - eta =  1h 
"
"2",""
"2","[=============>--------------------------------------------------------] 288/1454 - 20% complete - 00:19:16 - eta =  1h 
"
"2",""
"2","[=============>--------------------------------------------------------] 289/1454 - 20% complete - 00:19:20 - eta =  1h 
"
"2",""
"2","[=============>--------------------------------------------------------] 290/1454 - 20% complete - 00:19:24 - eta =  1h 
"
"2",""
"2","[=============>--------------------------------------------------------] 291/1454 - 20% complete - 00:19:28 - eta =  1h 
"
"2",""
"2","[=============>--------------------------------------------------------] 292/1454 - 20% complete - 00:19:32 - eta =  1h 
"
"2",""
"2","[=============>--------------------------------------------------------] 293/1454 - 20% complete - 00:19:36 - eta =  1h 
"
"2",""
"2","[=============>--------------------------------------------------------] 294/1454 - 20% complete - 00:19:40 - eta =  1h 
"
"2",""
"2","[=============>--------------------------------------------------------] 295/1454 - 20% complete - 00:19:44 - eta =  1h 
"
"2",""
"2","[=============>--------------------------------------------------------] 296/1454 - 20% complete - 00:19:48 - eta =  1h 
"
"2",""
"2","[=============>--------------------------------------------------------] 297/1454 - 20% complete - 00:19:52 - eta =  1h 
"
"2",""
"2","[=============>--------------------------------------------------------] 298/1454 - 20% complete - 00:19:56 - eta =  1h 
"
"2",""
"2","[=============>--------------------------------------------------------] 299/1454 - 21% complete - 00:20:00 - eta =  1h 
"
"2",""
"2","[=============>--------------------------------------------------------] 300/1454 - 21% complete - 00:20:04 - eta =  1h 
"
"2",""
"2","[=============>--------------------------------------------------------] 301/1454 - 21% complete - 00:20:08 - eta =  1h 
"
"2",""
"2","[==============>-------------------------------------------------------] 302/1454 - 21% complete - 00:20:12 - eta =  1h 
"
"2",""
"2","[==============>-------------------------------------------------------] 303/1454 - 21% complete - 00:20:16 - eta =  1h 
"
"2",""
"2","[==============>-------------------------------------------------------] 304/1454 - 21% complete - 00:20:20 - eta =  1h 
"
"2",""
"2","[==============>-------------------------------------------------------] 305/1454 - 21% complete - 00:20:24 - eta =  1h 
"
"2",""
"2","[==============>-------------------------------------------------------] 306/1454 - 21% complete - 00:20:28 - eta =  1h 
"
"2",""
"2","[==============>-------------------------------------------------------] 307/1454 - 21% complete - 00:20:32 - eta =  1h 
"
"2",""
"2","[==============>-------------------------------------------------------] 308/1454 - 21% complete - 00:20:36 - eta =  1h 
"
"2",""
"2","[==============>-------------------------------------------------------] 309/1454 - 21% complete - 00:20:40 - eta =  1h 
"
"2",""
"2","[==============>-------------------------------------------------------] 310/1454 - 21% complete - 00:20:44 - eta =  1h 
"
"2",""
"2","[==============>-------------------------------------------------------] 311/1454 - 21% complete - 00:20:48 - eta =  1h 
"
"2",""
"2","[==============>-------------------------------------------------------] 312/1454 - 21% complete - 00:20:52 - eta =  1h 
"
"2",""
"2","[==============>-------------------------------------------------------] 313/1454 - 22% complete - 00:20:56 - eta =  1h 
"
"2",""
"2","[==============>-------------------------------------------------------] 314/1454 - 22% complete - 00:21:00 - eta =  1h 
"
"2",""
"2","[==============>-------------------------------------------------------] 315/1454 - 22% complete - 00:21:04 - eta =  1h 
"
"2",""
"2","[==============>-------------------------------------------------------] 316/1454 - 22% complete - 00:21:08 - eta =  1h 
"
"2",""
"2","[==============>-------------------------------------------------------] 317/1454 - 22% complete - 00:21:12 - eta =  1h 
"
"2",""
"2","[==============>-------------------------------------------------------] 318/1454 - 22% complete - 00:21:16 - eta =  1h 
"
"2",""
"2","[==============>-------------------------------------------------------] 319/1454 - 22% complete - 00:21:20 - eta =  1h 
"
"2",""
"2","[==============>-------------------------------------------------------] 320/1454 - 22% complete - 00:21:24 - eta =  1h 
"
"2",""
"2","[==============>-------------------------------------------------------] 321/1454 - 22% complete - 00:21:28 - eta =  1h 
"
"2",""
"2","[===============>------------------------------------------------------] 322/1454 - 22% complete - 00:21:32 - eta =  1h 
"
"2",""
"2","[===============>------------------------------------------------------] 323/1454 - 22% complete - 00:21:36 - eta =  1h 
"
"2",""
"2","[===============>------------------------------------------------------] 324/1454 - 22% complete - 00:21:40 - eta =  1h 
"
"2",""
"2","[===============>------------------------------------------------------] 325/1454 - 22% complete - 00:21:44 - eta =  1h 
"
"2",""
"2","[===============>------------------------------------------------------] 326/1454 - 22% complete - 00:21:48 - eta =  1h 
"
"2",""
"2","[===============>------------------------------------------------------] 327/1454 - 22% complete - 00:21:52 - eta =  1h 
"
"2",""
"2","[===============>------------------------------------------------------] 328/1454 - 23% complete - 00:21:56 - eta =  1h 
"
"2",""
"2","[===============>------------------------------------------------------] 329/1454 - 23% complete - 00:22:00 - eta =  1h 
"
"2",""
"2","[===============>------------------------------------------------------] 330/1454 - 23% complete - 00:22:04 - eta =  1h 
"
"2",""
"2","[===============>------------------------------------------------------] 331/1454 - 23% complete - 00:22:08 - eta =  1h 
"
"2",""
"2","[===============>------------------------------------------------------] 332/1454 - 23% complete - 00:22:12 - eta =  1h 
"
"2",""
"2","[===============>------------------------------------------------------] 333/1454 - 23% complete - 00:22:16 - eta =  1h 
"
"2",""
"2","[===============>------------------------------------------------------] 334/1454 - 23% complete - 00:22:20 - eta =  1h 
"
"2",""
"2","[===============>------------------------------------------------------] 335/1454 - 23% complete - 00:22:24 - eta =  1h 
"
"2",""
"2","[===============>------------------------------------------------------] 336/1454 - 23% complete - 00:22:28 - eta =  1h 
"
"2",""
"2","[===============>------------------------------------------------------] 337/1454 - 23% complete - 00:22:32 - eta =  1h 
"
"2",""
"2","[===============>------------------------------------------------------] 338/1454 - 23% complete - 00:22:36 - eta =  1h 
"
"2",""
"2","[===============>------------------------------------------------------] 339/1454 - 23% complete - 00:22:41 - eta =  1h 
"
"2",""
"2","[===============>------------------------------------------------------] 340/1454 - 23% complete - 00:22:44 - eta =  1h 
"
"2",""
"2","[===============>------------------------------------------------------] 341/1454 - 23% complete - 00:22:48 - eta =  1h 
"
"2",""
"2","[===============>------------------------------------------------------] 342/1454 - 24% complete - 00:22:53 - eta =  1h 
"
"2",""
"2","[================>-----------------------------------------------------] 343/1454 - 24% complete - 00:22:56 - eta =  1h 
"
"2",""
"2","[================>-----------------------------------------------------] 344/1454 - 24% complete - 00:23:01 - eta =  1h 
"
"2",""
"2","[================>-----------------------------------------------------] 345/1454 - 24% complete - 00:23:05 - eta =  1h 
"
"2",""
"2","[================>-----------------------------------------------------] 346/1454 - 24% complete - 00:23:09 - eta =  1h 
"
"2",""
"2","[================>-----------------------------------------------------] 347/1454 - 24% complete - 00:23:13 - eta =  1h 
"
"2",""
"2","[================>-----------------------------------------------------] 348/1454 - 24% complete - 00:23:17 - eta =  1h 
"
"2",""
"2","[================>-----------------------------------------------------] 349/1454 - 24% complete - 00:23:21 - eta =  1h 
"
"2",""
"2","[================>-----------------------------------------------------] 350/1454 - 24% complete - 00:23:25 - eta =  1h 
"
"2",""
"2","[================>-----------------------------------------------------] 351/1454 - 24% complete - 00:23:29 - eta =  1h 
"
"2",""
"2","[================>-----------------------------------------------------] 352/1454 - 24% complete - 00:23:33 - eta =  1h 
"
"2",""
"2","[================>-----------------------------------------------------] 353/1454 - 24% complete - 00:23:37 - eta =  1h 
"
"2",""
"2","[================>-----------------------------------------------------] 354/1454 - 24% complete - 00:23:41 - eta =  1h 
"
"2",""
"2","[================>-----------------------------------------------------] 355/1454 - 24% complete - 00:23:45 - eta =  1h 
"
"2",""
"2","[================>-----------------------------------------------------] 356/1454 - 24% complete - 00:23:49 - eta =  1h 
"
"2",""
"2","[================>-----------------------------------------------------] 357/1454 - 25% complete - 00:23:53 - eta =  1h 
"
"2",""
"2","[================>-----------------------------------------------------] 358/1454 - 25% complete - 00:23:57 - eta =  1h 
"
"2",""
"2","[================>-----------------------------------------------------] 359/1454 - 25% complete - 00:24:01 - eta =  1h 
"
"2",""
"2","[================>-----------------------------------------------------] 360/1454 - 25% complete - 00:24:05 - eta =  1h 
"
"2",""
"2","[================>-----------------------------------------------------] 361/1454 - 25% complete - 00:24:09 - eta =  1h 
"
"2",""
"2","[================>-----------------------------------------------------] 362/1454 - 25% complete - 00:24:13 - eta =  1h 
"
"2",""
"2","[================>-----------------------------------------------------] 363/1454 - 25% complete - 00:24:17 - eta =  1h 
"
"2",""
"2","[=================>----------------------------------------------------] 364/1454 - 25% complete - 00:24:21 - eta =  1h 
"
"2",""
"2","[=================>----------------------------------------------------] 365/1454 - 25% complete - 00:24:25 - eta =  1h 
"
"2",""
"2","[=================>----------------------------------------------------] 366/1454 - 25% complete - 00:24:29 - eta =  1h 
"
"2",""
"2","[=================>----------------------------------------------------] 367/1454 - 25% complete - 00:24:33 - eta =  1h 
"
"2",""
"2","[=================>----------------------------------------------------] 368/1454 - 25% complete - 00:24:37 - eta =  1h 
"
"2",""
"2","[=================>----------------------------------------------------] 369/1454 - 25% complete - 00:24:41 - eta =  1h 
"
"2",""
"2","[=================>----------------------------------------------------] 370/1454 - 25% complete - 00:24:45 - eta =  1h 
"
"2",""
"2","[=================>----------------------------------------------------] 371/1454 - 26% complete - 00:24:49 - eta =  1h 
"
"2",""
"2","[=================>----------------------------------------------------] 372/1454 - 26% complete - 00:24:53 - eta =  1h 
"
"2",""
"2","[=================>----------------------------------------------------] 373/1454 - 26% complete - 00:24:57 - eta =  1h 
"
"2",""
"2","[=================>----------------------------------------------------] 374/1454 - 26% complete - 00:25:01 - eta =  1h 
"
"2",""
"2","[=================>----------------------------------------------------] 375/1454 - 26% complete - 00:25:05 - eta =  1h 
"
"2",""
"2","[=================>----------------------------------------------------] 376/1454 - 26% complete - 00:25:09 - eta =  1h 
"
"2",""
"2","[=================>----------------------------------------------------] 377/1454 - 26% complete - 00:25:14 - eta =  1h 
"
"2",""
"2","[=================>----------------------------------------------------] 378/1454 - 26% complete - 00:25:18 - eta =  1h 
"
"2",""
"2","[=================>----------------------------------------------------] 379/1454 - 26% complete - 00:25:22 - eta =  1h 
"
"2",""
"2","[=================>----------------------------------------------------] 380/1454 - 26% complete - 00:25:26 - eta =  1h 
"
"2",""
"2","[=================>----------------------------------------------------] 381/1454 - 26% complete - 00:25:29 - eta =  1h 
"
"2",""
"2","[=================>----------------------------------------------------] 382/1454 - 26% complete - 00:25:34 - eta =  1h 
"
"2",""
"2","[=================>----------------------------------------------------] 383/1454 - 26% complete - 00:25:38 - eta =  1h 
"
"2",""
"2","[=================>----------------------------------------------------] 384/1454 - 26% complete - 00:25:42 - eta =  1h 
"
"2",""
"2","[==================>---------------------------------------------------] 385/1454 - 26% complete - 00:25:46 - eta =  1h 
"
"2",""
"2","[==================>---------------------------------------------------] 386/1454 - 27% complete - 00:25:49 - eta =  1h 
"
"2",""
"2","[==================>---------------------------------------------------] 387/1454 - 27% complete - 00:25:53 - eta =  1h 
"
"2",""
"2","[==================>---------------------------------------------------] 388/1454 - 27% complete - 00:25:57 - eta =  1h 
"
"2",""
"2","[==================>---------------------------------------------------] 389/1454 - 27% complete - 00:26:02 - eta =  1h 
"
"2",""
"2","[==================>---------------------------------------------------] 390/1454 - 27% complete - 00:26:06 - eta =  1h 
"
"2",""
"2","[==================>---------------------------------------------------] 391/1454 - 27% complete - 00:26:10 - eta =  1h 
"
"2",""
"2","[==================>---------------------------------------------------] 392/1454 - 27% complete - 00:26:14 - eta =  1h 
"
"2",""
"2","[==================>---------------------------------------------------] 393/1454 - 27% complete - 00:26:18 - eta =  1h 
"
"2",""
"2","[==================>---------------------------------------------------] 394/1454 - 27% complete - 00:26:22 - eta =  1h 
"
"2",""
"2","[==================>---------------------------------------------------] 395/1454 - 27% complete - 00:26:26 - eta =  1h 
"
"2",""
"2","[==================>---------------------------------------------------] 396/1454 - 27% complete - 00:26:30 - eta =  1h 
"
"2",""
"2","[==================>---------------------------------------------------] 397/1454 - 27% complete - 00:26:34 - eta =  1h 
"
"2",""
"2","[==================>---------------------------------------------------] 398/1454 - 27% complete - 00:26:38 - eta =  1h 
"
"2",""
"2","[==================>---------------------------------------------------] 399/1454 - 27% complete - 00:26:42 - eta =  1h 
"
"2",""
"2","[==================>---------------------------------------------------] 400/1454 - 28% complete - 00:26:46 - eta =  1h 
"
"2",""
"2","[==================>---------------------------------------------------] 401/1454 - 28% complete - 00:26:50 - eta =  1h 
"
"2",""
"2","[==================>---------------------------------------------------] 402/1454 - 28% complete - 00:26:54 - eta =  1h 
"
"2",""
"2","[==================>---------------------------------------------------] 403/1454 - 28% complete - 00:26:58 - eta =  1h 
"
"2",""
"2","[==================>---------------------------------------------------] 404/1454 - 28% complete - 00:27:02 - eta =  1h 
"
"2",""
"2","[==================>---------------------------------------------------] 405/1454 - 28% complete - 00:27:07 - eta =  1h 
"
"2",""
"2","[===================>--------------------------------------------------] 406/1454 - 28% complete - 00:27:12 - eta =  1h 
"
"2",""
"2","[===================>--------------------------------------------------] 407/1454 - 28% complete - 00:27:17 - eta =  1h 
"
"2",""
"2","[===================>--------------------------------------------------] 408/1454 - 28% complete - 00:27:21 - eta =  1h 
"
"2",""
"2","[===================>--------------------------------------------------] 409/1454 - 28% complete - 00:27:27 - eta =  1h 
"
"2",""
"2","[===================>--------------------------------------------------] 410/1454 - 28% complete - 00:27:31 - eta =  1h 
"
"2",""
"2","[===================>--------------------------------------------------] 411/1454 - 28% complete - 00:27:36 - eta =  1h 
"
"2",""
"2","[===================>--------------------------------------------------] 412/1454 - 28% complete - 00:27:41 - eta =  1h 
"
"2",""
"2","[===================>--------------------------------------------------] 413/1454 - 28% complete - 00:27:46 - eta =  1h 
"
"2",""
"2","[===================>--------------------------------------------------] 414/1454 - 28% complete - 00:27:51 - eta =  1h 
"
"2",""
"2","[===================>--------------------------------------------------] 415/1454 - 29% complete - 00:27:55 - eta =  1h 
"
"2",""
"2","[===================>--------------------------------------------------] 416/1454 - 29% complete - 00:28:00 - eta =  1h 
"
"2",""
"2","[===================>--------------------------------------------------] 417/1454 - 29% complete - 00:28:05 - eta =  1h 
"
"2",""
"2","[===================>--------------------------------------------------] 418/1454 - 29% complete - 00:28:10 - eta =  1h 
"
"2",""
"2","[===================>--------------------------------------------------] 419/1454 - 29% complete - 00:28:15 - eta =  1h 
"
"2",""
"2","[===================>--------------------------------------------------] 420/1454 - 29% complete - 00:28:19 - eta =  1h 
"
"2",""
"2","[===================>--------------------------------------------------] 421/1454 - 29% complete - 00:28:24 - eta =  1h 
"
"2",""
"2","[===================>--------------------------------------------------] 422/1454 - 29% complete - 00:28:29 - eta =  1h 
"
"2",""
"2","[===================>--------------------------------------------------] 423/1454 - 29% complete - 00:28:34 - eta =  1h 
"
"2",""
"2","[===================>--------------------------------------------------] 424/1454 - 29% complete - 00:28:38 - eta =  1h 
"
"2",""
"2","[===================>--------------------------------------------------] 425/1454 - 29% complete - 00:28:43 - eta =  1h 
"
"2",""
"2","[====================>-------------------------------------------------] 426/1454 - 29% complete - 00:28:48 - eta =  1h 
"
"2",""
"2","[====================>-------------------------------------------------] 427/1454 - 29% complete - 00:28:53 - eta =  1h 
"
"2",""
"2","[====================>-------------------------------------------------] 428/1454 - 29% complete - 00:28:58 - eta =  1h 
"
"2",""
"2","[====================>-------------------------------------------------] 429/1454 - 30% complete - 00:29:02 - eta =  1h 
"
"2",""
"2","[====================>-------------------------------------------------] 430/1454 - 30% complete - 00:29:07 - eta =  1h 
"
"2",""
"2","[====================>-------------------------------------------------] 431/1454 - 30% complete - 00:29:12 - eta =  1h 
"
"2",""
"2","[====================>-------------------------------------------------] 432/1454 - 30% complete - 00:29:17 - eta =  1h 
"
"2",""
"2","[====================>-------------------------------------------------] 433/1454 - 30% complete - 00:29:21 - eta =  1h 
"
"2",""
"2","[====================>-------------------------------------------------] 434/1454 - 30% complete - 00:29:26 - eta =  1h 
"
"2",""
"2","[====================>-------------------------------------------------] 435/1454 - 30% complete - 00:29:32 - eta =  1h 
"
"2",""
"2","[====================>-------------------------------------------------] 436/1454 - 30% complete - 00:29:37 - eta =  1h 
"
"2",""
"2","[====================>-------------------------------------------------] 437/1454 - 30% complete - 00:29:42 - eta =  1h 
"
"2",""
"2","[====================>-------------------------------------------------] 438/1454 - 30% complete - 00:29:46 - eta =  1h 
"
"2",""
"2","[====================>-------------------------------------------------] 439/1454 - 30% complete - 00:29:51 - eta =  1h 
"
"2",""
"2","[====================>-------------------------------------------------] 440/1454 - 30% complete - 00:29:56 - eta =  1h 
"
"2",""
"2","[====================>-------------------------------------------------] 441/1454 - 30% complete - 00:30:01 - eta =  1h 
"
"2",""
"2","[====================>-------------------------------------------------] 442/1454 - 30% complete - 00:30:06 - eta =  1h 
"
"2",""
"2","[====================>-------------------------------------------------] 443/1454 - 30% complete - 00:30:11 - eta =  1h 
"
"2",""
"2","[====================>-------------------------------------------------] 444/1454 - 31% complete - 00:30:15 - eta =  1h 
"
"2",""
"2","[====================>-------------------------------------------------] 445/1454 - 31% complete - 00:30:20 - eta =  1h 
"
"2",""
"2","[====================>-------------------------------------------------] 446/1454 - 31% complete - 00:30:25 - eta =  1h 
"
"2",""
"2","[=====================>------------------------------------------------] 447/1454 - 31% complete - 00:30:30 - eta =  1h 
"
"2",""
"2","[=====================>------------------------------------------------] 448/1454 - 31% complete - 00:30:35 - eta =  1h 
"
"2",""
"2","[=====================>------------------------------------------------] 449/1454 - 31% complete - 00:30:40 - eta =  1h 
"
"2",""
"2","[=====================>------------------------------------------------] 450/1454 - 31% complete - 00:30:45 - eta =  1h 
"
"2",""
"2","[=====================>------------------------------------------------] 451/1454 - 31% complete - 00:30:50 - eta =  1h 
"
"2",""
"2","[=====================>------------------------------------------------] 452/1454 - 31% complete - 00:30:54 - eta =  1h 
"
"2",""
"2","[=====================>------------------------------------------------] 453/1454 - 31% complete - 00:30:59 - eta =  1h 
"
"2",""
"2","[=====================>------------------------------------------------] 454/1454 - 31% complete - 00:31:04 - eta =  1h 
"
"2",""
"2","[=====================>------------------------------------------------] 455/1454 - 31% complete - 00:31:09 - eta =  1h 
"
"2",""
"2","[=====================>------------------------------------------------] 456/1454 - 31% complete - 00:31:14 - eta =  1h 
"
"2",""
"2","[=====================>------------------------------------------------] 457/1454 - 31% complete - 00:31:19 - eta =  1h 
"
"2",""
"2","[=====================>------------------------------------------------] 458/1454 - 31% complete - 00:31:24 - eta =  1h 
"
"2",""
"2","[=====================>------------------------------------------------] 459/1454 - 32% complete - 00:31:28 - eta =  1h 
"
"2",""
"2","[=====================>------------------------------------------------] 460/1454 - 32% complete - 00:31:33 - eta =  1h 
"
"2",""
"2","[=====================>------------------------------------------------] 461/1454 - 32% complete - 00:31:38 - eta =  1h 
"
"2",""
"2","[=====================>------------------------------------------------] 462/1454 - 32% complete - 00:31:43 - eta =  1h 
"
"2",""
"2","[=====================>------------------------------------------------] 463/1454 - 32% complete - 00:31:48 - eta =  1h 
"
"2",""
"2","[=====================>------------------------------------------------] 464/1454 - 32% complete - 00:31:52 - eta =  1h 
"
"2",""
"2","[=====================>------------------------------------------------] 465/1454 - 32% complete - 00:31:57 - eta =  1h 
"
"2",""
"2","[=====================>------------------------------------------------] 466/1454 - 32% complete - 00:32:02 - eta =  1h 
"
"2",""
"2","[=====================>------------------------------------------------] 467/1454 - 32% complete - 00:32:07 - eta =  1h 
"
"2",""
"2","[======================>-----------------------------------------------] 468/1454 - 32% complete - 00:32:11 - eta =  1h 
"
"2",""
"2","[======================>-----------------------------------------------] 469/1454 - 32% complete - 00:32:16 - eta =  1h 
"
"2",""
"2","[======================>-----------------------------------------------] 470/1454 - 32% complete - 00:32:21 - eta =  1h 
"
"2",""
"2","[======================>-----------------------------------------------] 471/1454 - 32% complete - 00:32:26 - eta =  1h 
"
"2",""
"2","[======================>-----------------------------------------------] 472/1454 - 32% complete - 00:32:31 - eta =  1h 
"
"2",""
"2","[======================>-----------------------------------------------] 473/1454 - 33% complete - 00:32:36 - eta =  1h 
"
"2",""
"2","[======================>-----------------------------------------------] 474/1454 - 33% complete - 00:32:41 - eta =  1h 
"
"2",""
"2","[======================>-----------------------------------------------] 475/1454 - 33% complete - 00:32:45 - eta =  1h 
"
"2",""
"2","[======================>-----------------------------------------------] 476/1454 - 33% complete - 00:32:50 - eta =  1h 
"
"2",""
"2","[======================>-----------------------------------------------] 477/1454 - 33% complete - 00:32:56 - eta =  1h 
"
"2",""
"2","[======================>-----------------------------------------------] 478/1454 - 33% complete - 00:33:01 - eta =  1h 
"
"2",""
"2","[======================>-----------------------------------------------] 479/1454 - 33% complete - 00:33:05 - eta =  1h 
"
"2",""
"2","[======================>-----------------------------------------------] 480/1454 - 33% complete - 00:33:10 - eta =  1h 
"
"2",""
"2","[======================>-----------------------------------------------] 481/1454 - 33% complete - 00:33:16 - eta =  1h 
"
"2",""
"2","[======================>-----------------------------------------------] 482/1454 - 33% complete - 00:33:20 - eta =  1h 
"
"2",""
"2","[======================>-----------------------------------------------] 483/1454 - 33% complete - 00:33:25 - eta =  1h 
"
"2",""
"2","[======================>-----------------------------------------------] 484/1454 - 33% complete - 00:33:30 - eta =  1h 
"
"2",""
"2","[======================>-----------------------------------------------] 485/1454 - 33% complete - 00:33:35 - eta =  1h 
"
"2",""
"2","[======================>-----------------------------------------------] 486/1454 - 33% complete - 00:33:40 - eta =  1h 
"
"2",""
"2","[======================>-----------------------------------------------] 487/1454 - 33% complete - 00:33:45 - eta =  1h 
"
"2",""
"2","[======================>-----------------------------------------------] 488/1454 - 34% complete - 00:33:50 - eta =  1h 
"
"2",""
"2","[=======================>----------------------------------------------] 489/1454 - 34% complete - 00:33:55 - eta =  1h 
"
"2",""
"2","[=======================>----------------------------------------------] 490/1454 - 34% complete - 00:34:00 - eta =  1h 
"
"2",""
"2","[=======================>----------------------------------------------] 491/1454 - 34% complete - 00:34:05 - eta =  1h 
"
"2",""
"2","[=======================>----------------------------------------------] 492/1454 - 34% complete - 00:34:10 - eta =  1h 
"
"2",""
"2","[=======================>----------------------------------------------] 493/1454 - 34% complete - 00:34:15 - eta =  1h 
"
"2",""
"2","[=======================>----------------------------------------------] 494/1454 - 34% complete - 00:34:20 - eta =  1h 
"
"2",""
"2","[=======================>----------------------------------------------] 495/1454 - 34% complete - 00:34:25 - eta =  1h 
"
"2",""
"2","[=======================>----------------------------------------------] 496/1454 - 34% complete - 00:34:29 - eta =  1h 
"
"2",""
"2","[=======================>----------------------------------------------] 497/1454 - 34% complete - 00:34:35 - eta =  1h 
"
