grant_ref,panel_id,panel_type
EP/E041833/1,4394,PanelFellowship
EP/E042465/1,4397,PanelFellowship
EP/E038379/1,4400,PanelFellowship
EP/E041159/1,4404,PanelFellowship
EP/E502520/1,4431,PanelFellowship
EP/E048420/1,4398,PanelFellowship
EP/E051278/1,4427,PanelFellowship
EP/E048951/1,4415,PanelFellowship
EP/E049230/1,4428,PanelFellowship
EP/E051227/1,4433,PanelFellowship
EP/E050018/1,4434,PanelFellowship
EP/E05207X/1,4475,PanelFellowship
EP/E050980/1,4477,PanelFellowship
EP/E05224X/1,4480,PanelFellowship
EP/E503101/1,4472,PanelFellowship
EP/E503837/1,4473,PanelFellowship
EP/E051448/1,4478,PanelFellowship
EP/E051804/1,4485,PanelFellowship
EP/E051847/1,4489,PanelFellowship
EP/E502520/1,4474,PanelFellowship
EP/E048420/1,4486,PanelFellowship
EP/F041330/1,4572,PanelFellowship
EP/F041950/1,4594,PanelFellowship
EP/F040024/1,4600,PanelFellowship
EP/F041810/1,4595,PanelFellowship
EP/F057709/1,4623,PanelFellowship
EP/F048912/1,4619,PanelFellowship
